"X var";"Y var";"MIC (strength)";"MIC-p^2 (nonlinearity)";"MAS (non-monotonicity)";"MEV (functionality)";"MCN (complexity)";"Linear regression (p)"
"line";"x";1;0;0;1;2;1
"curve";"x";1;0.999767;0.6823;1;2.5849626;-0.0152634755
"sin";"x";1;0.91726524;0.65565;1;3;0.28763655
"p2";"p1";0.68218;0.48063314;0.17747998;0.68218;3.807355;0.4489397
"c2";"c1";0.63092;0.63092;0.032539964;0.33064;3.5849626;"-9.786795E-18"
"y";"x";0.37507;0.33606714;0.18244001;0.37507;3.807355;-0.19749139
